{
  "mainAssemblyName": "BouncyHsm.Spa",
  "resources": {
    "hash": "sha256-Y7zJXIzpof7i+vFInPpH3PCVlOptrOO8Zv+x0Hkv12Y=",
    "jsModuleNative": {
      "dotnet.native.8.0.5.e6ndncrn28.js": "sha256-Gq/YqqvNIKGS+Awu1ozolYJd8VGcjbgMH4sU5hvZvTs="
    },
    "jsModuleRuntime": {
      "dotnet.runtime.8.0.5.gongq8hbow.js": "sha256-5oi05+Ql/1JzyAphppAHmbRquli4a3/0XLMa8mQDKn8="
    },
    "wasmNative": {
      "dotnet.native.wasm": "sha256-xTVNFDRnU/KR7b3cEmPiOXjYej8p/JwLSWjXmybCPck="
    },
    "icu": {
      "icudt_CJK.dat": "sha256-SZLtQnRc0JkwqHab0VUVP7T3uBPSeYzxzDnpxPpUnHk=",
      "icudt_EFIGS.dat": "sha256-8fItetYY8kQ0ww6oxwTLiT3oXlBwHKumbeP2pRF4yTc=",
      "icudt_no_CJK.dat": "sha256-L7sV7NEYP37/Qr2FPCePo5cJqRgTXRwGHuwF5Q+0Nfs="
    },
    "assembly": {
      "BlazorComponentUtilities.wasm": "sha256-7qa+C6Zt8hJgUpiGcE1MHWuwfOGMUMVd8ayItqmtQp0=",
      "BlazorStrap.V5.wasm": "sha256-TBKQ7pdC5VlKlZShvxtxasm/TAcJLqM6vHdhjOAXiBA=",
      "BlazorStrap.wasm": "sha256-Aede1dcjsDOUh/SaxHaSOWDZRW+YvpIKjK9xoBqBJek=",
      "BouncyHsm.Client.wasm": "sha256-rN7uoo8dN6bA29ICl152BLHO9EgwiHh9BwA9x7QYupo=",
      "BouncyHsm.Spa.wasm": "sha256-jX5SNJmvEaQLDx6bC5q20oEIueEyjcxfY3P1YbFDEdg=",
      "Microsoft.AspNetCore.Components.Forms.wasm": "sha256-LxJJ8r1TA54WtCStqEJC68K4hJ4OjWK5shcUDr0CwsU=",
      "Microsoft.AspNetCore.Components.wasm": "sha256-pKl06RJhUnQAr6SNZ+Uy2pkCWfa8Gqkm5TiN0bFBnjI=",
      "Microsoft.AspNetCore.Components.Web.wasm": "sha256-8XI9fyLF2n5PYGOIvkoOTGpBLYxbE3staSQ6PaiJObo=",
      "Microsoft.AspNetCore.Components.WebAssembly.wasm": "sha256-jf8hMX+QBQb9H2zfyYrxzm5ChUsb/0uMuM2O7w9CDWE=",
      "Microsoft.AspNetCore.Connections.Abstractions.wasm": "sha256-iSxsbnL/yyFfjCJQnK95FpHjyVJbqCKXOuxGX+F5QKw=",
      "Microsoft.AspNetCore.Http.Connections.Client.wasm": "sha256-NkUoHjTRDOFxXcyiskgTU843qZ8Hv8Sy4TpwluuyMvM=",
      "Microsoft.AspNetCore.Http.Connections.Common.wasm": "sha256-UwM4iJRBeHMU9KBLU9bT9YOnkjkDbhHjFWEMRWsZVYE=",
      "Microsoft.AspNetCore.SignalR.Client.Core.wasm": "sha256-NvJSk3jWkoUUxuAqLMc8yHC1C+8MTaRNl5BHI63A13s=",
      "Microsoft.AspNetCore.SignalR.Client.wasm": "sha256-+bj543bcirOEg0wmELchDofhsZ5dX5sDjssu2H3zmxc=",
      "Microsoft.AspNetCore.SignalR.Common.wasm": "sha256-tIeZFMUxd00R4u0r9vkfN4+tMUhAKzQ3oVF8BJUqD/s=",
      "Microsoft.AspNetCore.SignalR.Protocols.Json.wasm": "sha256-s5nVjiNp0b2yoYw1XKzPDXMOGrGJEMZtRn4BqFqUh3k=",
      "Microsoft.Extensions.Configuration.Abstractions.wasm": "sha256-87sn2TYqgdZ95sXmavjKEzoEfMgHnYQ9LOvnMX+aZcI=",
      "Microsoft.Extensions.Configuration.Json.wasm": "sha256-Sxmy2ZS134URxbHEvdbS6NcQ3zXS7UWx/5ZPpwiW7FA=",
      "Microsoft.Extensions.Configuration.wasm": "sha256-jYqHUZ07UYWc8POk7xhas6xQYH7t1qoTcylqoDqncJk=",
      "Microsoft.Extensions.DependencyInjection.Abstractions.wasm": "sha256-SPf4y7OXLjk2GwWhvskCs+oSc9URKJCBR2qMi8jsON8=",
      "Microsoft.Extensions.DependencyInjection.wasm": "sha256-6To551rnUmd7Ym2LH+UC3rOcrKnoHTqW/DMpkwtub9U=",
      "Microsoft.Extensions.Features.wasm": "sha256-RNUzGyNKTkTpUB3XlAb04rnF7khuIZUxUb/GIXKv9Gs=",
      "Microsoft.Extensions.Logging.Abstractions.wasm": "sha256-SEAy9O1snhRzuadNnFgk2cZfROSe6AKsEAQfqhrGtag=",
      "Microsoft.Extensions.Logging.wasm": "sha256-t1kMogduAJTkEyuw3aZ8k8BVewvXqpiHQZoc9w4NUbg=",
      "Microsoft.Extensions.Options.wasm": "sha256-gE1BXyLWVUnQwUrxnkNGo22RSc/PIEaAypz1VWboWP4=",
      "Microsoft.Extensions.Primitives.wasm": "sha256-Ms2HR5Gpug/0uRAzdk4SUNT76Ml3CjFv9Jo+dUIMGac=",
      "Microsoft.JSInterop.wasm": "sha256-DTNcJ4WqsGh/odNWwEtP8Nv0FzCI1EnAl686aX8gH4c=",
      "Microsoft.JSInterop.WebAssembly.wasm": "sha256-nJo9AftA2/mHxtXapqHsgjzQgIHOpue2DnVtxkgTSME=",
      "netstandard.wasm": "sha256-yuBbqhxCF/qMB6aB2U+E2F6Gb0ipL+JabgPKMbhrpL8=",
      "System.Collections.Concurrent.wasm": "sha256-gBmO/V+pEwEKFS3ntzELUji22BKNbjd3UgmPf3Dw4+s=",
      "System.Collections.NonGeneric.wasm": "sha256-9vGRXfQd3fNw6N5L5ATCPJt/XK0lCMJA9uunKwiQIzg=",
      "System.Collections.Specialized.wasm": "sha256-xRXU/m092u1NQ81Ql+g/dilaHhCA7Y6UMtjJlL3JL20=",
      "System.Collections.wasm": "sha256-CgQrMlH2rLp9wtx2gbydF5KS0qnu0hi1BEAD8yJO03E=",
      "System.ComponentModel.Annotations.wasm": "sha256-QDANQF7HMr35O+m2OAxZNp6sQ+ofM9TvG8eWUzFaNL4=",
      "System.ComponentModel.Primitives.wasm": "sha256-TWpqaM/AFJZsw5xe7d5D3ifq3EZpVWVUj9TzNIKvzJs=",
      "System.ComponentModel.TypeConverter.wasm": "sha256-RICPWJc5lOq6JqIfDyJcw5/z3JCcUHpyhb9rfxkqR/Q=",
      "System.ComponentModel.wasm": "sha256-Ce0j22TlBueXJ4expHmDZeI9t/ejqzjYUc4bpRWPihA=",
      "System.Console.wasm": "sha256-6O4USiUZ4+2Z5GRPbU7R4iNzxRMXPWjefcxajUNu1dw=",
      "System.Diagnostics.DiagnosticSource.wasm": "sha256-UWW7p4Y085mRKWmab8VazTDc4knBSSPV5GKPWRnbtY0=",
      "System.IO.Pipelines.wasm": "sha256-jEAPDjR6QWGBc/MngbONw7juB7dFacd/TQwxsol88RU=",
      "System.Linq.Expressions.wasm": "sha256-5GMI7MDffJSM1KjuoSAQClUS2+f1V306+/rgDcsDkQA=",
      "System.Linq.wasm": "sha256-/qKtabE4HG5Vc4q8z/yygX4dfbpVICwiiPGUldfqglk=",
      "System.Memory.wasm": "sha256-Fwn2JWik9c3ZenAqmGtwq0VSquR76rgmuuUa1nzmb9Q=",
      "System.Net.Http.wasm": "sha256-KIvkaL4FmqxrBRPgB9Xtsb4XaJT5F++dsHGQ5zrlUh4=",
      "System.Net.Primitives.wasm": "sha256-V1l6bQ5vEgJ2MmTZEjECeOS/8z5A3gQFnvjYfKivMQU=",
      "System.Net.Requests.wasm": "sha256-Cavt2/8X7/a+b+l+qJxBxHnVLySxCgl7YJVpH4zEPXU=",
      "System.Net.Security.wasm": "sha256-jucw7YgVDsPES0JTDAcBieoMJPELotd3enJRg4l+8VE=",
      "System.Net.WebSockets.Client.wasm": "sha256-Z0lPmbWg1kCaA3bGPQZEQmGFZnPi12Tpw14SsXOjmyA=",
      "System.Net.WebSockets.wasm": "sha256-6vt2JrlcWLej4T1QWr+Gn9fYKw6VtSvESJfflIu+XzE=",
      "System.ObjectModel.wasm": "sha256-a4tH17nCIYVfbjRxvKrWZdp9tJCYZDvtofhrADdTyHo=",
      "System.Private.CoreLib.wasm": "sha256-lwIcR3miZV1NXkftpDGm9KYkT+YDts8JyGEV3SAmQtA=",
      "System.Private.Uri.wasm": "sha256-+dywRBk1JgYxgW2GheQZI7R2nH1tXgto1GaSevNQtxI=",
      "System.Runtime.InteropServices.JavaScript.wasm": "sha256-XmSiZS1oOwSEkd3CE85Bii16tLoZ6NjcZOtqroRN0SQ=",
      "System.Runtime.Serialization.Primitives.wasm": "sha256-BN3x3baiGbjS4XVvZCAMF49kYZHQAk/WjOEeCzs63B8=",
      "System.Runtime.wasm": "sha256-m7xmFKt1j536DKvJDsRExPxvgl0OUp/8J2zrXDcXyYU=",
      "System.Security.Cryptography.wasm": "sha256-mf2EYW5wlGieji/nKEWFcbv3BEfLdjDDsoo7iAI+Pxk=",
      "System.Text.Encoding.Extensions.wasm": "sha256-IAX/oFv0UbfgroCNN0+236toRGlyTtS8w8VO50H7idw=",
      "System.Text.Encodings.Web.wasm": "sha256-7b1tnJFV+ToM3w7HtudW7MImKaVxiQcDcLtH4xMi/Vs=",
      "System.Text.Json.wasm": "sha256-PDr+Q4/YSLPE+0GXioyk/KisgtzCvF+ZcXdLY+SqL/k=",
      "System.Text.RegularExpressions.wasm": "sha256-JQenhQLAgFrREhwC0xzY1AkA6T7h3vQpBN8q4LK0e7w=",
      "System.Threading.Channels.wasm": "sha256-yGd9sBHRQS3VD0+IFx7w8w7+g6ZuXyK4dwxoHclRg/o=",
      "System.Threading.wasm": "sha256-stRbC8vblTINIC8voiA1NxvvEzA+EWxkjWWx9vCfR2g=",
      "System.wasm": "sha256-OubjZw/80TLo8bE7YJHM01VGNwe1/x5XAEVXeRe0Md4=",
      "System.Web.HttpUtility.wasm": "sha256-PDhJblZPkeNWwVyQ8ZB5MvOPhyVP7kjD3yld1j1CDfQ="
    }
  },
  "cacheBootResources": true,
  "debugLevel": 0,
  "linkerEnabled": true,
  "globalizationMode": "sharded",
  "extensions": {
    "blazor": {}
  }
}